<?xml version="1.0"?>
<doc>
    <assembly>
        <name>EntityFramework.SqlServer</name>
    </assembly>
    <members>
        <member name="M:Microsoft.Data.Entity.Infrastructure.SqlServerDbContextOptionsBuilder.UseRowNumberForPaging">
            <summary>
                Use a ROW_NUMBER() in queries instead of OFFSET/FETCH. This method is backwards-compatible to SQL Server 2005.
            </summary>
        </member>
        <member name="M:Microsoft.Data.Entity.Internal.SqlServerStrings.InvalidEnumValue(System.Object,System.Object)">
            <summary>
            The value provided for argument '{argumentName}' must be a valid value of enum type '{enumType}'.
            </summary>
        </member>
        <member name="M:Microsoft.Data.Entity.Internal.SqlServerStrings.IdentityBadType(System.Object,System.Object,System.Object)">
            <summary>
            Identity value generation cannot be used for the property '{property}' on entity type '{entityType}' because the property type is '{propertyType}'. Identity value generation can only be used with signed integer properties.
            </summary>
        </member>
        <member name="M:Microsoft.Data.Entity.Internal.SqlServerStrings.SequenceBadType(System.Object,System.Object,System.Object)">
            <summary>
            SQL Server sequences cannot be used to generate values for the property '{property}' on entity type '{entityType}' because the property type is '{propertyType}'. Sequences can only be used with integer properties.
            </summary>
        </member>
        <member name="P:Microsoft.Data.Entity.Internal.SqlServerStrings.SqlServerNotInUse">
            <summary>
            SQL Server-specific methods can only be used when the context is using a SQL Server database provider.
            </summary>
        </member>
    </members>
</doc>
